branch_id,inventory_id,quantity,date,id,usage_id
BRANCH005,INV001,0.020999999999999998,2024-11-26 06:48:34,0Bxfn2VxVZGqMCaxCoh1,
BRANCH005,INV012,0.027999999999999997,2024-11-26 06:48:52,0ByI1ryylN7t3geaUdfY,
BRANCH005,INV014,0.00175,2024-11-26 06:48:48,0IsGe0nk0Gzqn4DeMMW4,
BRANCH005,INV001,0.027999999999999997,2024-11-26 06:48:48,0Q50sIFrlxGWQLNMnpva,
BRANCH005,INV009,0.00175,2024-11-26 06:48:32,0UR9VnlnCvxoP5ZknR5t,
BRANCH001,INV008,0.0014,2024-11-26 06:32:39,0g9EyfaKS39jBHbdBrZZ,
BRANCH005,INV014,0.00175,2024-11-26 06:48:47,0mT6sH5axXi0VkYUOAQQ,
BRANCH005,INV007,0.0014,2024-11-26 06:48:49,1J7SLKC3mwLsvBPV1IIg,
BRANCH005,INV015,0.0112,2024-11-26 06:48:44,1LvzOJx4UAx0hP05mmgL,
BRANCH005,INV001,0.020999999999999998,2024-11-26 06:48:29,1ODPW5ndHj1faGtDhAgj,
BRANCH005,INV001,0.02625,2024-11-26 06:48:49,1Pw6eTjv8W7GcoVuF43G,
BRANCH005,INV014,0.0035,2024-11-26 06:48:34,1RcaX8AdywnmCEMmAZeK,
BRANCH001,INV009,0.0014,2024-11-26 06:32:26,1UOYM5QfmHa8DGudrLBm,
BRANCH005,INV015,0.006999999999999999,2024-11-26 06:48:33,1XfizXSIBoEDUNabITUo,
BRANCH005,INV015,0.00875,2024-11-26 06:48:40,1Xg2vf40tJImpAx03JIz,
BRANCH005,INV015,0.006999999999999999,2024-11-26 06:48:41,1ZomraaVVabYgWj9t234,
BRANCH001,INV013,0.027999999999999997,2024-11-26 06:32:34,1oTiL6xKX4H1d1Eut8N7,
BRANCH005,INV015,0.006999999999999999,2024-11-26 06:49:00,1tAN7t2woZ16rCw4fkXe,
BRANCH002,INV007,0.001,2024-11-26 06:47:23,1txOGQlkZdl7Cojf1nyI,
BRANCH005,INV015,0.005,2024-11-26 06:48:52,1udwtd91c4928zMAE02T,
BRANCH005,INV001,0.020999999999999998,2024-11-26 06:48:41,1x75b6pZpXs0rg1ks44Q,
BRANCH001,INV001,0.02625,2024-11-26 06:32:38,2COExnwEEMNBale7FyZQ,
BRANCH005,INV015,0.00875,2024-11-26 06:48:43,2EQ25WP5YxWkx5b48scc,
BRANCH005,INV014,0.00175,2024-11-26 06:48:51,2H2LUlxggZ3hbxmvkJnW,
BRANCH001,INV001,0.015,2024-11-26 06:32:22,2VW2o811vprc7yWM9xHA,
BRANCH001,INV009,0.00175,2024-11-26 06:32:29,2YiAuJonhhAwJVHHY5W2,
BRANCH005,INV002,0.02,2024-11-26 06:48:23,2YxDSK77XroZ1B6zyw3d,
BRANCH005,INV001,0.025,2024-11-26 06:48:42,2c285Zbs2BWAQWLghyCc,
BRANCH001,INV010,0.0014,2024-11-26 06:32:34,2feWWzTedowamg787STH,
BRANCH001,INV008,0.001,2024-11-26 06:32:35,2gttprVmh0iYLfe0RRGK,
BRANCH001,INV005,0.035,2024-11-26 06:32:36,2hBk2xlVAWep1iwk9wxE,
BRANCH005,INV015,0.006999999999999999,2024-11-26 06:48:49,2lgwL7L0wznEBaxqfYTZ,
BRANCH005,INV015,0.0112,2024-11-26 06:48:31,2pB29hygAUIFqj0hN6po,
BRANCH005,INV002,0.027999999999999997,2024-11-26 06:48:33,3B3Y1EiNsmg0BsAA1RwI,
BRANCH005,INV015,0.014,2024-11-26 06:48:26,3DqYEOEiQmv73qpoqaaS,
BRANCH002,INV015,0.005,2024-11-26 06:47:17,3E1ryxskJ7QLPUkRmNYQ,
BRANCH005,INV012,0.035,2024-11-26 06:48:48,3V2GNQ6y8o3kn3c0cfaj,
BRANCH001,INV004,0.01,2024-11-26 06:32:29,3bUmcEYICavcmqQ9CgCm,
BRANCH001,INV015,0.006999999999999999,2024-11-26 06:32:42,3eOfRW872Jem3CmevyRN,
BRANCH005,INV011,0.001,2024-11-26 06:48:57,3hO1rzOIJEA8sQyq5xOu,
BRANCH002,INV004,0.01,2024-11-26 06:47:21,3lT6NXcya0yl6weHHPbI,
BRANCH005,INV001,0.02625,2024-11-26 06:48:52,3uhharuZWOlfWf15rnrK,
BRANCH005,INV009,0.00175,2024-11-26 06:48:42,3xjrAgpnuERDGisxSOhO,
BRANCH005,INV001,0.020999999999999998,2024-11-26 06:48:34,42d059Ae8lO6h5hu261F,
BRANCH005,INV015,0.006999999999999999,2024-11-26 06:48:54,4703YrijgxBHlAtLt9V8,
BRANCH005,INV008,0.00175,2024-11-26 06:48:41,47MVNaaEZaeqNu1Ko62i,
BRANCH005,INV001,0.020999999999999998,2024-11-26 06:48:44,4TOmBuYDbENBlrnR71Vm,
BRANCH001,INV014,0.0035,2024-11-26 06:32:28,4Xx3amxGfl0p2iN3NaLJ,
BRANCH001,INV007,0.00175,2024-11-26 06:32:31,4aJ1pSYDtJ4k5xxLZhBJ,
BRANCH005,INV006,0.001,2024-11-26 06:48:57,4iTptBhsos0AKjsrZoxE,
BRANCH005,INV003,0.02,2024-11-26 06:48:57,4o677j5YsP2GSfSahyTv,
BRANCH001,INV015,0.006999999999999999,2024-11-26 06:32:34,4qBEFZdet4nU9n1E2C14,
BRANCH005,INV015,0.006999999999999999,2024-11-26 06:48:37,4vHK7bBVldrUXF4YLzfP,
BRANCH005,INV015,0.006999999999999999,2024-11-26 06:48:50,4zzNxMfFKHIzepCfhI9x,
BRANCH005,INV013,0.035,2024-11-26 06:48:29,5DCtEQmxp5V551UKWQkZ,
BRANCH002,INV015,0.0112,2024-11-26 06:47:16,5EsULWYBmnGfk1y3N3PE,
BRANCH005,INV001,0.020999999999999998,2024-11-26 06:48:43,5MmeIIKA1pcNAlB1Vdn7,
BRANCH001,INV007,0.001,2024-11-26 06:32:44,5QTXqAxbNW9NXo8WsU2R,
BRANCH005,INV013,0.027999999999999997,2024-11-26 06:48:30,5h38A0wFmFSlZHvAEjTR,
BRANCH005,INV013,0.027999999999999997,2024-11-26 06:48:48,5ycKIomOUFNa8DIUOxjR,
BRANCH001,INV008,0.0014,2024-11-26 06:32:26,64ChWVilZIKPUjPVkuGQ,
BRANCH005,INV012,0.035,2024-11-26 06:48:53,6AH0efD3m9A56FldI9Mu,
BRANCH005,INV009,0.0014,2024-11-26 06:48:30,6AtCrYYYH44gAwJ1ZTJi,
BRANCH001,INV013,0.027999999999999997,2024-11-26 06:32:26,6HipaWdKF3ZHMiIK4uwX,
BRANCH005,INV006,0.0014,2024-11-26 06:48:35,6RDD4sNxQIHZmtC5vcHf,
BRANCH005,INV013,0.035,2024-11-26 06:48:57,6Zqzqf1DtbGxLDcEzb4n,
BRANCH005,INV014,0.0035,2024-11-26 06:48:29,6aGCM5I3Aa0MSyK3ByDA,
BRANCH005,INV005,0.02,2024-11-26 06:48:50,6aUqwrKEiBx1OTgd6Ovj,
BRANCH001,INV005,0.027999999999999997,2024-11-26 06:32:39,6b8mos7QhUpyhK6lPSOL,
BRANCH005,INV015,0.00875,2024-11-26 06:48:58,6gVG229IBK88rG7ggMvd,
BRANCH001,INV005,0.027999999999999997,2024-11-26 06:32:35,6nDT2m6A1gN21mk1oEQ3,
BRANCH005,INV005,0.02,2024-11-26 06:48:54,740AXN1juCA6ULlRvMcr,
BRANCH005,INV014,0.0014,2024-11-26 06:48:44,77ft3z0HBXCQBKtcPZQw,
BRANCH005,INV015,0.0112,2024-11-26 06:48:41,7EWowTidQS8I5ZuWGAeJ,
BRANCH005,INV012,0.02,2024-11-26 06:48:56,7W3PAI03kzyaxbUjnOSB,
BRANCH005,INV010,0.0014,2024-11-26 06:48:40,7eXwYCxDCE5u7O3dTTGM,
BRANCH005,INV008,0.00175,2024-11-26 06:48:45,7iRrcdY0igblIzKQQvBK,
BRANCH005,INV008,0.00175,2024-11-26 06:48:38,7iyb5ji7M4FnwrO0wKvQ,
BRANCH002,INV013,0.02,2024-11-26 06:47:18,7nR7n0phk28E0zTWfI5v,
BRANCH005,INV005,0.035,2024-11-26 06:48:41,7nWvNQdWqtTskjEnyAgY,
BRANCH005,INV006,0.001,2024-11-26 06:48:55,7pOmn58tZtpjTSBaSxwq,
BRANCH005,INV014,0.0014,2024-11-26 06:48:44,7qsOdn2vS4gRUNzvEGBb,
BRANCH005,INV012,0.035,2024-11-26 06:48:46,7yxiQNhwUSYsBPJ3Etr9,
BRANCH002,INV001,0.043750000000000004,2024-11-26 06:47:19,83IJWQbaf8T6nlHcV58y,
BRANCH005,INV015,0.00875,2024-11-26 06:48:28,8ESI5zmYiQN2F8m36JuV,
BRANCH005,INV015,0.00875,2024-11-26 06:48:33,8LoZHwhLSCJvEMsxVbs1,
BRANCH005,INV014,0.002,2024-11-26 06:48:24,8MYVH3UJuuWpSQzPGXit,
BRANCH005,INV008,0.00175,2024-11-26 06:48:29,8OlNJ2ultAvDTKlatxea,
BRANCH001,INV005,0.027999999999999997,2024-11-26 06:32:25,8ZAQqwSUPAO3FfwYUnKP,
BRANCH003,INV010,0.00175,2024-11-26 06:47:45,8bJilLEXTwMdyy7aIZJd,
BRANCH005,INV007,0.0014,2024-11-26 06:48:46,8e7sHTUZEg0aNRWhTzSf,
BRANCH005,INV009,0.00175,2024-11-26 06:48:39,8eVUmPDkOa7oKqGTnHwm,
BRANCH005,INV011,0.001,2024-11-26 06:49:00,8hLiYePamH6KEyriCYNR,
BRANCH001,INV008,0.001,2024-11-26 06:32:43,8poKxzUA8CWGfWeJBCVr,
BRANCH005,INV006,0.00175,2024-11-26 06:48:28,8s3p8Fb2Tpnnw63yvbHL,
BRANCH005,INV015,0.005,2024-11-26 06:48:58,9Dgj3KrmG2CqZLVTyvDT,
BRANCH005,INV001,0.025,2024-11-26 06:48:49,9ppi6QupP8jBt07zz80Q,
BRANCH002,INV010,0.001,2024-11-26 06:47:24,9xzudW7OwAeVnHR3GWEl,
BRANCH001,INV008,0.00175,2024-11-26 06:32:31,A044cdxDPKw06Rl11s8Z,
BRANCH002,INV013,0.027999999999999997,2024-11-26 06:47:20,A2Y5T76ah5d0OMpQaVVI,
BRANCH005,INV005,0.02,2024-11-26 06:48:56,A4GqXBu8KwuHeh3DMPqx,
BRANCH001,INV015,0.005,2024-11-26 06:32:25,AB2LvDEqSbrmZI1Tb68h,
BRANCH005,INV006,0.0014,2024-11-26 06:48:35,AJDMMwnfzw8nJ5Ix4EMa,
BRANCH005,INV001,0.027999999999999997,2024-11-26 06:48:51,AbpaBGMlfHelx0KI96oQ,
BRANCH005,INV012,0.02,2024-11-26 06:49:02,AlumVB4piKdGHwrbJoTh,
BRANCH001,INV003,0.02,2024-11-26 06:32:20,AspvLgX2tH7sYriLgD3M,
BRANCH005,INV003,0.027999999999999997,2024-11-26 06:48:45,AtTk6SlSwRF6K0d5lTcp,
BRANCH005,INV001,0.02625,2024-11-26 06:48:46,Atuhvj7GlRWbVC5Co114,
BRANCH003,INV001,0.027999999999999997,2024-11-26 06:47:50,B5QkYPnwiQ6UNyk7BOCj,
BRANCH005,INV001,0.02625,2024-11-26 06:48:56,B6OEKuEIAoVd5UeB3x3U,
BRANCH005,INV002,0.035,2024-11-26 06:48:46,B9IlZbo1MUjN0lEnk4W6,
BRANCH001,INV014,0.0014,2024-11-26 06:32:36,BJ5Zqt0nOBcBZh8taxhZ,
BRANCH005,INV001,0.043750000000000004,2024-11-26 06:48:32,BKA8IRA1IpRDKC4HnsRy,
BRANCH005,INV015,0.00875,2024-11-26 06:48:28,BTzz80aPia2oSQkCqU1B,
BRANCH005,INV001,0.02625,2024-11-26 06:48:47,Bp5XebSkUHl3jT8g4JHD,
BRANCH005,INV006,0.00175,2024-11-26 06:48:49,C4qSSmtwNBI15HubaMg8,
BRANCH005,INV011,0.001,2024-11-26 06:49:05,C6ZOgC7z9dP9Hkwhg6gZ,
BRANCH005,INV015,0.00875,2024-11-26 06:48:57,CCDkoz2hsrLCK5BScyjB,
BRANCH002,INV002,0.02,2024-11-26 06:47:21,CCSSP069qjihKbKAu66P,
BRANCH005,INV003,0.027999999999999997,2024-11-26 06:48:38,CJj0RCL5eZ84aOVZEiD2,
BRANCH005,INV012,0.035,2024-11-26 06:48:26,CKS7zSonVwmqbYsMexFi,
BRANCH005,INV001,0.020999999999999998,2024-11-26 06:48:39,CRrR5yMFfjXoHhT9oZt5,
BRANCH005,INV013,0.027999999999999997,2024-11-26 06:48:52,CU1dcb1ngrL4TZx2RP9M,
BRANCH005,INV008,0.00175,2024-11-26 06:48:37,CaA30J83AWyzBhBA1J0S,
BRANCH005,INV001,0.020999999999999998,2024-11-26 06:48:43,D7u1DUIw2GP3Np0rGEFn,
BRANCH003,INV015,0.014,2024-11-26 06:47:49,D9GUjJvfN5aRMmtkx4u2,
BRANCH005,INV006,0.00175,2024-11-26 06:48:25,DQXHj98jGiwgpCg7kD1O,
BRANCH001,INV015,0.0112,2024-11-26 06:32:35,DbBdd2E8ScAeP5oBvsNb,
BRANCH005,INV001,0.020999999999999998,2024-11-26 06:48:37,Dj5q1KCOolPgDBIGw9mp,
BRANCH005,INV004,0.013999999999999999,2024-11-26 06:48:47,Dp0HfgYpnhoGlillImFx,
BRANCH002,INV002,0.035,2024-11-26 06:47:12,DpfOpBzIbCYV4PyF9CXY,
BRANCH002,INV005,0.02,2024-11-26 06:47:23,DvKjShN7STsi39CHeHRM,
BRANCH002,INV009,0.00175,2024-11-26 06:47:11,E0jVvpDrPfuhkU6DRmM1,
BRANCH005,INV006,0.0014,2024-11-26 06:48:37,E3OC8myD61fTNxg0LYFl,
BRANCH005,INV002,0.035,2024-11-26 06:48:38,E3Zpv1gcie9Ccz1217nF,
BRANCH005,INV008,0.001,2024-11-26 06:48:55,ECs2kB0GiPcCIVynpgOh,
BRANCH002,INV015,0.014,2024-11-26 06:47:14,EGVTs2ibh366P58JCBTf,
BRANCH003,INV009,0.00175,2024-11-26 06:47:48,EMJyJcf6akLqN0jN8h9K,
BRANCH002,INV015,0.0112,2024-11-26 06:47:20,EdlMZIVJuHUrd7jn9FL7,
BRANCH005,INV007,0.0014,2024-11-26 06:48:52,EeSUZ7Ey2lKDdRxaRhsQ,
BRANCH005,INV007,0.0014,2024-11-26 06:48:47,EntAa0WEwv7GryChmwgb,
BRANCH005,INV008,0.00175,2024-11-26 06:48:47,Ep4wgcrUUBMqvEO8dbQc,
BRANCH001,INV013,0.027999999999999997,2024-11-26 06:32:32,EpzWdxY2womPapiDKQVj,
BRANCH005,INV001,0.0525,2024-11-26 06:48:27,FB3szibQAFJL4dhxlhII,
BRANCH002,INV012,0.027999999999999997,2024-11-26 06:47:10,FTdZqWSr53YYoJbRRzfF,
BRANCH005,INV012,0.027999999999999997,2024-11-26 06:48:36,FcmxnBysgR9eorZuQuay,
BRANCH005,INV013,0.035,2024-11-26 06:48:32,FmxSQmffTXmMGNDv8aLF,
BRANCH005,INV015,0.006999999999999999,2024-11-26 06:49:00,FvpyatPkmXUB0xWDCWT5,
BRANCH005,INV007,0.0014,2024-11-26 06:48:38,GEZDKSctiNza9IVGo7pF,
BRANCH001,INV005,0.035,2024-11-26 06:32:27,GEZTCwKsQQxAANIibY1B,
BRANCH005,INV003,0.02,2024-11-26 06:48:59,GFebwtz2qkXWsRKag8Vq,
BRANCH005,INV010,0.0014,2024-11-26 06:48:55,GJoJHKZTO8ZdW1Bkv3s1,
BRANCH005,INV001,0.027999999999999997,2024-11-26 06:48:53,GYaByml2aRvaahK96faI,
BRANCH005,INV014,0.0014,2024-11-26 06:48:40,Giio61ZygEhnTHY9ERV8,
BRANCH005,INV001,0.020999999999999998,2024-11-26 06:48:35,GksNrqL7YDpVc5cc8qx6,
BRANCH005,INV014,0.0035,2024-11-26 06:48:26,GoFcuq5d39IiVfoovkfU,
BRANCH005,INV010,0.00175,2024-11-26 06:48:47,Gugh7HzXwcf0cawysNqy,
BRANCH002,INV003,0.027999999999999997,2024-11-26 06:47:20,GyMMddXmPy28xncJWHWC,
BRANCH002,INV001,0.0525,2024-11-26 06:47:13,H363M90nC95VBWMSdGSw,
BRANCH005,INV010,0.001,2024-11-26 06:49:04,H7kEF2w4dUN9qY8WDrEd,
BRANCH005,INV001,0.020999999999999998,2024-11-26 06:48:41,HI1mfRD5aR8ty2QsFlar,
BRANCH005,INV009,0.001,2024-11-26 06:48:51,HRMhgaz1SPxuUVZYSyss,
BRANCH005,INV008,0.00175,2024-11-26 06:48:25,HRnlaaD9hdYFnfDd3L5W,
BRANCH005,INV013,0.035,2024-11-26 06:48:51,Hj43qJ6nPQiWuGHB72nJ,
BRANCH005,INV001,0.043750000000000004,2024-11-26 06:48:45,HjFVHKUiZYiWQ2xw1H2G,
BRANCH001,INV015,0.00875,2024-11-26 06:32:28,Hk0CCsxChDXN9ZjeZUXT,
BRANCH001,INV005,0.035,2024-11-26 06:32:28,HqcO0siz83w4fh2zMJmg,
BRANCH005,INV008,0.00175,2024-11-26 06:48:53,HqhA4gkqGSBbyLLe4e3k,
BRANCH005,INV013,0.02,2024-11-26 06:48:58,HyJ2e9lFuvL5E7AQtxaW,
BRANCH005,INV001,0.020999999999999998,2024-11-26 06:48:43,I33dC5TvllaHBOlVmB0H,
BRANCH005,INV001,0.02625,2024-11-26 06:48:50,IHFju2ciVYimwd9ysHBY,
BRANCH005,INV014,0.0014,2024-11-26 06:48:31,ITZWKJ5xZ6LbfYhoJ0xN,
BRANCH005,INV012,0.035,2024-11-26 06:48:28,JD79XLIueiS81NEAPDPg,
BRANCH003,INV006,0.0014,2024-11-26 06:47:50,JEIVkqTya1ujaIbbrGPB,
BRANCH005,INV003,0.027999999999999997,2024-11-26 06:48:43,JRgXSpP0NXplwAANU9St,
BRANCH005,INV010,0.0014,2024-11-26 06:48:59,JRrsyT7WhwPrrS5mwcyH,
BRANCH005,INV014,0.0014,2024-11-26 06:48:34,JS4FmbysQLcAsZLlSb8Z,
BRANCH005,INV008,0.001,2024-11-26 06:49:02,JTrlwGBu69ERkK8R8JwW,
BRANCH005,INV015,0.006999999999999999,2024-11-26 06:48:56,JX01A4PD180yW2JOQNjG,
BRANCH005,INV008,0.00175,2024-11-26 06:48:40,Jf0khouIrxpYB8n8sSaL,
BRANCH005,INV014,0.001,2024-11-26 06:48:52,K6MSnLjVs8rSj7YyPrlm,
BRANCH005,INV003,0.027999999999999997,2024-11-26 06:48:50,KD6omfP7C3xXJ4SFiABJ,
BRANCH005,INV014,0.002,2024-11-26 06:48:59,KEfeg7S8WEhf3NvyjGr1,
BRANCH001,INV014,0.001,2024-11-26 06:32:37,KZBqoAAKbaonL8xnTyQn,
BRANCH005,INV008,0.001,2024-11-26 06:49:03,Kt5QNII46FEzCz6xoUyC,
BRANCH002,INV013,0.027999999999999997,2024-11-26 06:47:17,KtCp4N8DG9FI2yMfEkPc,
BRANCH005,INV015,0.006999999999999999,2024-11-26 06:48:39,KxK8Bc73UYmP7RoWSf43,
BRANCH002,INV014,0.0035,2024-11-26 06:47:18,KxirTDIytMYsrQfrnl5Z,
BRANCH005,INV001,0.027999999999999997,2024-11-26 06:48:45,KycAfIOjsL5b6yizeHBs,
BRANCH005,INV010,0.00175,2024-11-26 06:48:32,LPimdmaC3PbIQJkMrneL,
BRANCH001,INV013,0.027999999999999997,2024-11-26 06:32:40,LX7Q2fdTp8iOmuOih30d,
BRANCH005,INV014,0.002,2024-11-26 06:49:05,LaVYPSojflxF3BLmn9lo,
BRANCH005,INV014,0.0014,2024-11-26 06:48:49,LvPcH13dxWy6ZC4efEhB,
BRANCH002,INV008,0.001,2024-11-26 06:47:21,LyiLFxCoGR6gbDelarMK,
BRANCH003,INV001,0.0525,2024-11-26 06:47:47,MAfogu2h09G8Ocm5BQij,
BRANCH001,INV015,0.006999999999999999,2024-11-26 06:32:32,MCkiztCu3fBMqXoWrqFj,
BRANCH005,INV014,0.0014,2024-11-26 06:48:44,MI3CrEHyK2L9ChSnyHmI,
BRANCH005,INV001,0.02625,2024-11-26 06:48:50,MISw27a5z83neWUnxpt7,
BRANCH001,INV008,0.0014,2024-11-26 06:32:31,MSXWWTNIYvO9Im4DG4gd,
BRANCH001,INV005,0.027999999999999997,2024-11-26 06:32:33,MZsFMnUVa59d9gWeTOmY,
BRANCH005,INV015,0.008,2024-11-26 06:48:45,MfWEcXs7PfYY4hHkcwei,
BRANCH005,INV012,0.035,2024-11-26 06:48:33,MgHeTuF5d4jZuN3hK3Zg,
BRANCH002,INV014,0.0035,2024-11-26 06:47:13,MlWhvS83DreFqfaeDA52,
BRANCH001,INV004,0.01,2024-11-26 06:32:35,Mv2fOenIW8Q2qyCEwSai,
BRANCH001,INV003,0.035,2024-11-26 06:32:31,N0vSfdxKePtSRNHvUIF5,
BRANCH005,INV010,0.0014,2024-11-26 06:48:53,N2U19DDdAlbemi4NEaPV,
BRANCH001,INV011,0.001,2024-11-26 06:32:30,NNVS9vcV5Jtp2hzxr1t1,
BRANCH002,INV006,0.0014,2024-11-26 06:47:15,NNcceWWT2jbIK6QbRNXv,
BRANCH005,INV002,0.027999999999999997,2024-11-26 06:48:43,NVfBzQNb69rdJ0Zyf81r,
BRANCH001,INV004,0.01,2024-11-26 06:32:43,NW7eahwd7GIDScW3Ud1U,
BRANCH005,INV012,0.027999999999999997,2024-11-26 06:48:40,NePUnGinnSsLLuNW4JCp,
BRANCH003,INV010,0.00175,2024-11-26 06:47:48,NfvipKBavtm3e7AuXUeV,
BRANCH005,INV014,0.0014,2024-11-26 06:48:39,NjFn2gmPaA8YB81GMZox,
BRANCH002,INV015,0.0112,2024-11-26 06:47:10,OAhv1H6tK0VVoiebcmRw,
BRANCH005,INV010,0.0014,2024-11-26 06:49:01,ODZ6Ope5LR7WZfvT32W0,
BRANCH005,INV008,0.00175,2024-11-26 06:48:32,OHY6WOdulf8tLfp5STTy,
BRANCH002,INV014,0.00175,2024-11-26 06:47:20,OJLONzoWVIexI0RHkJof,
BRANCH005,INV002,0.027999999999999997,2024-11-26 06:48:36,OJojUiy6eLIbySKnj1Af,
BRANCH001,INV001,0.0525,2024-11-26 06:32:28,ONDpwrkuDiNZugXQeIC9,
BRANCH005,INV012,0.027999999999999997,2024-11-26 06:48:46,OOlvOUo39IQK6Nd8mAh7,
BRANCH005,INV014,0.001,2024-11-26 06:49:05,OQAnyi8eNBjmvbYjczdo,
BRANCH005,INV014,0.0014,2024-11-26 06:48:39,OZ3JvOlMbqSIwB5nn5YC,
BRANCH002,INV002,0.02,2024-11-26 06:47:16,OZzVocqJYi4K516P1ms2,
BRANCH005,INV004,0.0175,2024-11-26 06:48:48,ObPjMDnFsoYLeHhJ64CK,
BRANCH002,INV008,0.001,2024-11-26 06:47:18,OeyUG6H2oSCqxHa7nsSk,
BRANCH002,INV002,0.035,2024-11-26 06:47:14,OhybMNpYH8hTCoOfO7jy,
BRANCH001,INV014,0.0035,2024-11-26 06:32:37,Oqzg5og66TqQqPS5mADn,
BRANCH002,INV003,0.027999999999999997,2024-11-26 06:47:17,OucKjRVKt8RUzQw8rDUe,
BRANCH005,INV001,0.02625,2024-11-26 06:48:55,P7Ax0qsmZhwg7Edcwc4h,
BRANCH001,INV010,0.00175,2024-11-26 06:32:29,PIsyOwxhjWDfusDeMIwZ,
BRANCH005,INV013,0.02,2024-11-26 06:49:01,PNxlLOaduqsiJsTE3dyq,
BRANCH005,INV014,0.0014,2024-11-26 06:48:41,PVg6sY0t1bbIvaJZ7iJS,
BRANCH001,INV007,0.001,2024-11-26 06:32:36,PhVkaq8I2fuywfHvH1Uw,
BRANCH005,INV015,0.006999999999999999,2024-11-26 06:49:02,Pr4bHRiHB2yrtJsQDEko,
BRANCH001,INV014,0.001,2024-11-26 06:32:23,PrWTULMKoAc7fjjE49TH,
BRANCH001,INV014,0.0014,2024-11-26 06:32:40,PtQ9qQhspC2yHAjNj7WR,
BRANCH005,INV006,0.00175,2024-11-26 06:48:32,PuR2kSwZG3uK1UKWvtCQ,
BRANCH005,INV002,0.035,2024-11-26 06:48:56,PznRz6SGUaf6MfRgUA6x,
BRANCH005,INV006,0.001,2024-11-26 06:48:50,Q4ROO6rfpXhGnYb69Zbv,
BRANCH005,INV013,0.027999999999999997,2024-11-26 06:49:00,Q8WciTK3hbSiq2bcZYJK,
BRANCH005,INV001,0.020999999999999998,2024-11-26 06:48:38,Q8XHYKv8CgBU3cja2QN8,
BRANCH005,INV001,0.020999999999999998,2024-11-26 06:48:38,Q9vLQoMbPJJbBK3ZyP7g,
BRANCH005,INV015,0.006999999999999999,2024-11-26 06:48:44,QOjWr7brB4meh8xpzPQh,
BRANCH001,INV009,0.001,2024-11-26 06:32:20,QZTQOerT4AmVW3LK3OD9,
BRANCH003,INV001,0.0525,2024-11-26 06:47:45,QwhVrHDnnGntiXqt5SIp,
BRANCH005,INV014,0.0014,2024-11-26 06:48:36,Qx0KTvCRzVUYENYDtK0R,
BRANCH005,INV015,0.00875,2024-11-26 06:48:42,R2YjQZdiLvD3LWuJwDoc,
BRANCH001,INV001,0.015,2024-11-26 06:32:21,R5hvEErZQqpf9pOzbCr0,
BRANCH005,INV001,0.02625,2024-11-26 06:48:52,R6e9KBbdS0B0pyjRjNTH,
BRANCH002,INV015,0.00875,2024-11-26 06:47:13,RNM6elBj9h3dmcaLMkM4,
BRANCH005,INV004,0.013999999999999999,2024-11-26 06:48:51,RQADSjAwNV91AwBmB4oH,
BRANCH003,INV013,0.035,2024-11-26 06:47:46,RW0EWVeY563APkOy4z7m,
BRANCH005,INV013,0.035,2024-11-26 06:48:37,RgwVp2mzv52yodoM1IxE,
BRANCH003,INV014,0.0035,2024-11-26 06:47:45,Rxcu5klJHpQJt1LdiubY,
BRANCH005,INV006,0.001,2024-11-26 06:49:03,SAhjv5GwKVTfU50L1mNZ,
BRANCH005,INV004,0.0175,2024-11-26 06:48:56,SDm3qcnR6Ub4d38Snwid,
BRANCH005,INV015,0.006999999999999999,2024-11-26 06:48:52,SMtrvSlZlppcQvoTtFbU,
BRANCH002,INV010,0.00175,2024-11-26 06:47:11,SNAoTW5ZOz0iSFzg59Z2,
BRANCH005,INV015,0.00875,2024-11-26 06:48:48,SQUD6Y4UCYGCaCnyW97a,
BRANCH005,INV015,0.008,2024-11-26 06:48:50,SQzFx1b1WRYRBNByjk2k,
BRANCH001,INV012,0.027999999999999997,2024-11-26 06:32:42,SZSqIYK63itXcb78Ui5C,
BRANCH005,INV014,0.0014,2024-11-26 06:48:36,SblxkcUITbNN1wU5SMC0,
BRANCH005,INV001,0.020999999999999998,2024-11-26 06:48:39,SmtkvIE5ZA9KLgtGaXOS,
BRANCH003,INV015,0.006999999999999999,2024-11-26 06:47:51,Sn87DM9o6Gte1XxkToQv,
BRANCH005,INV010,0.001,2024-11-26 06:49:06,SoT0FSTZrzUaTRBNNTFT,
BRANCH005,INV011,0.0014,2024-11-26 06:48:38,T4X32bTIWxWW2uUPNJ0O,
BRANCH005,INV002,0.027999999999999997,2024-11-26 06:48:38,TDDR77ZJGIySO43TJQUI,
BRANCH001,INV009,0.001,2024-11-26 06:32:23,TH2W3HlkBOC40CDDJRdy,
BRANCH005,INV008,0.001,2024-11-26 06:48:58,TKDNU8XNoxUalM0s4F9t,
BRANCH005,INV001,0.020999999999999998,2024-11-26 06:48:48,TO5Gl4zQvv2GvmcmGzuT,
BRANCH005,INV014,0.00175,2024-11-26 06:48:53,TVI61M9m0zBPe3WIZG0P,
BRANCH002,INV011,0.00175,2024-11-26 06:47:12,TaRVybtQe7v2iBntgfyl,
BRANCH005,INV007,0.0014,2024-11-26 06:48:59,TnyLKNpiXgS2EmOY4Zt9,
BRANCH005,INV004,0.013999999999999999,2024-11-26 06:48:59,TrIzOGtZYBHR7ldfGavB,
BRANCH005,INV014,0.002,2024-11-26 06:49:07,TtIh4EMNHoaSL24LxJDn,
BRANCH005,INV015,0.006999999999999999,2024-11-26 06:48:40,TyIRI7Rgltq9Fpi6AkrP,
BRANCH003,INV014,0.001,2024-11-26 06:47:52,U6b2aI7FfsSasm7BPYA2,
BRANCH005,INV015,0.014,2024-11-26 06:48:30,UBnl7m6ESP0HxEvMurGP,
BRANCH005,INV004,0.013999999999999999,2024-11-26 06:48:53,UFewWW9eS6EwMiB1UhNG,
BRANCH005,INV010,0.00175,2024-11-26 06:48:51,UJW5XY6s7W5O1ZzqDBd8,
BRANCH005,INV013,0.02,2024-11-26 06:49:04,UWL58I4QqlZSmJy4I2sG,
BRANCH005,INV015,0.006999999999999999,2024-11-26 06:48:38,UWaDnPtAPcy1sVVkRubl,
BRANCH002,INV010,0.001,2024-11-26 06:47:21,Udygc1o353S72gSiWbLQ,
BRANCH005,INV012,0.035,2024-11-26 06:48:42,UnykoH7XwGwUlpgKi7JZ,
BRANCH005,INV009,0.00175,2024-11-26 06:48:41,V67EQQyQkuGdvfbom6wc,
BRANCH005,INV014,0.0014,2024-11-26 06:48:42,VQApOOv1NaV3keo1hrZb,
BRANCH005,INV007,0.0014,2024-11-26 06:48:51,VQMASVc4LvCe8vXXfslT,
BRANCH005,INV006,0.001,2024-11-26 06:49:04,VUhdExJJE85TmabD38pp,
BRANCH005,INV007,0.0014,2024-11-26 06:48:43,VY9bGBhePs6HyZJW5nBN,
BRANCH005,INV006,0.001,2024-11-26 06:49:06,VYitBQsHC5rkTO7ZigWf,
BRANCH005,INV011,0.00175,2024-11-26 06:48:53,VmICjUMGtRYvzFKuioqI,
BRANCH005,INV014,0.0014,2024-11-26 06:48:31,VrfI7LXnztU33ZI3hRvL,
BRANCH005,INV001,0.0525,2024-11-26 06:48:31,VsF9SJfqt82cNpedKbPv,
BRANCH005,INV011,0.00175,2024-11-26 06:48:48,VuJCkQgE9PBGaAFvJE3Q,
BRANCH003,INV011,0.0014,2024-11-26 06:47:51,W7XaChankKs1Co4j5Q8s,
BRANCH005,INV013,0.027999999999999997,2024-11-26 06:48:49,W8lNT6nqCyrdv6cUZCkZ,
BRANCH005,INV015,0.006999999999999999,2024-11-26 06:48:43,WHjz4j4pNZmYVpnemaey,
BRANCH001,INV015,0.006999999999999999,2024-11-26 06:32:40,WLcqeQqBeaQz2xdszjMG,
BRANCH005,INV001,0.025,2024-11-26 06:48:45,WLpwsdpCDG9MlkUimjIu,
BRANCH005,INV008,0.001,2024-11-26 06:48:51,Wm3IFKbCaEKPyZKFM6MP,
BRANCH001,INV014,0.0014,2024-11-26 06:32:32,WoLZ9SBf7rJXQwu1VYv6,
BRANCH005,INV015,0.008,2024-11-26 06:48:44,Wv2tkxKIrAg8P8X6qw50,
BRANCH005,INV014,0.00175,2024-11-26 06:48:58,X2E86gr31ZDvzABAJMbD,
BRANCH005,INV002,0.035,2024-11-26 06:48:48,X3rZKtloAqzLaJSgpg4P,
BRANCH002,INV013,0.02,2024-11-26 06:47:21,XOpXOe7h9XKSDBJe9N62,
BRANCH005,INV001,0.020999999999999998,2024-11-26 06:48:34,XVxuhDtPSg4FAwMQdjSa,
BRANCH005,INV010,0.001,2024-11-26 06:48:58,XaewcNkKjLdrbSk41hV6,
BRANCH005,INV001,0.02625,2024-11-26 06:48:54,XnI0G0v1vrCutIGC1Uej,
BRANCH005,INV015,0.006999999999999999,2024-11-26 06:48:44,XoKTq8e9vtINHhxnLjd2,
BRANCH005,INV010,0.00175,2024-11-26 06:48:29,Y0MwzpeTX8MynOfIWCfb,
BRANCH005,INV005,0.035,2024-11-26 06:48:46,Y8RJskDVhrpgAHZIIHg0,
BRANCH005,INV015,0.00875,2024-11-26 06:48:56,YHqA8YAq5pefSNqQUquv,
BRANCH001,INV001,0.02625,2024-11-26 06:32:38,YOr2rTjGamU4nnRwYEpr,
BRANCH005,INV015,0.00875,2024-11-26 06:48:49,YSS4bTaDZ4vhoUmhial5,
BRANCH005,INV003,0.02,2024-11-26 06:48:53,YWwVcQiGbPwr3iSmY9D9,
BRANCH005,INV001,0.020999999999999998,2024-11-26 06:48:34,Yd4ZQCeVgIBPqvsokBzY,
BRANCH005,INV003,0.035,2024-11-26 06:48:27,Ydklc1mGVwVx6oP2RA5w,
BRANCH005,INV010,0.00175,2024-11-26 06:48:49,YzKiMnZ3VLuX1cPGwkN5,
BRANCH005,INV001,0.020999999999999998,2024-11-26 06:48:37,Z0sQTvuMPqCpESLr7Q7s,
BRANCH001,INV001,0.02625,2024-11-26 06:32:30,ZAOOhFOhic7HcSWuUErk,
BRANCH005,INV001,0.035,2024-11-26 06:48:40,ZJZrZz0tiGg4MzXiy4T6,
BRANCH005,INV006,0.00175,2024-11-26 06:48:47,ZSdiOfSl44VLeMLzgFXw,
BRANCH005,INV015,0.005,2024-11-26 06:48:24,ZVZ2KmYr6Fwv1jdBgRAC,
BRANCH005,INV015,0.006999999999999999,2024-11-26 06:48:48,ZbL6iQrGteutRWdhNQ29,
BRANCH005,INV001,0.020999999999999998,2024-11-26 06:48:29,Zv4hM5L93QymzSRjUJkc,
BRANCH002,INV013,0.035,2024-11-26 06:47:18,a3yc3tZYetkIVnUa8kd1,
BRANCH005,INV010,0.00175,2024-11-26 06:48:40,aHuSpZ9Y0WVtbCyB24jN,
BRANCH005,INV010,0.0014,2024-11-26 06:48:49,aIIE9loxLv2WAHBJeAkA,
BRANCH001,INV011,0.0014,2024-11-26 06:32:41,abftwBlJGtPMdMzxsnPG,
BRANCH005,INV001,0.02625,2024-11-26 06:48:57,aeTvUdzIR1ZoTK44aEuP,
BRANCH002,INV005,0.02,2024-11-26 06:47:15,aeymFXyn1Mmst069HoS9,
BRANCH005,INV013,0.02,2024-11-26 06:49:06,aiZyVZUYAFviNsPqYPO2,
BRANCH002,INV013,0.027999999999999997,2024-11-26 06:47:19,anUgJ5QsC6pZAZBz7hKd,
BRANCH001,INV015,0.005,2024-11-26 06:32:36,asT9dFQqZN5zoKzS9vkY,
BRANCH001,INV001,0.015,2024-11-26 06:32:23,b1Zn5ZttAOGjWL6qRVSy,
BRANCH005,INV008,0.001,2024-11-26 06:48:23,b68wnlLKRNW1d4SX8YNN,
BRANCH005,INV015,0.00875,2024-11-26 06:48:46,b9JakNlWaGaFpT7BWoPS,
BRANCH005,INV002,0.027999999999999997,2024-11-26 06:48:39,bBMz8a5NG81rJ8rLIe0g,
BRANCH001,INV001,0.027999999999999997,2024-11-26 06:32:33,bD9m5Eh1KmQcHoZHcktU,
BRANCH002,INV005,0.02,2024-11-26 06:47:20,bDERyHDLlrc4zNOuliKm,
BRANCH005,INV001,0.027999999999999997,2024-11-26 06:48:55,bFSN2psOrVwO8g6kEPZh,
BRANCH001,INV006,0.001,2024-11-26 06:32:22,bLyDFdWpqZzYkvWCRqI7,
BRANCH005,INV014,0.0014,2024-11-26 06:48:37,bRQB9Ok088GVlJ9GV4ME,
BRANCH001,INV001,0.015,2024-11-26 06:32:24,bU7O9RvvTGS849eGeAvF,
BRANCH001,INV014,0.0035,2024-11-26 06:32:32,baRMKPgxd7xD9QXrmnyS,
BRANCH005,INV009,0.0014,2024-11-26 06:48:35,badhaZbFp7fmFxFCppPB,
BRANCH003,INV015,0.00875,2024-11-26 06:47:46,bfeKgNI2JjYQZIwGUXQa,
BRANCH001,INV015,0.0112,2024-11-26 06:32:27,bpxFQNwn3y0MAgJ9XDWE,
BRANCH003,INV001,0.025,2024-11-26 06:47:51,bv9bl4KL5gK1HAsRoYxl,
BRANCH005,INV014,0.002,2024-11-26 06:49:01,c4pBME1lTPKJuiqtfRn3,
BRANCH005,INV006,0.0014,2024-11-26 06:48:30,c54j6A4J7pXucLrXHGsu,
BRANCH001,INV015,0.006999999999999999,2024-11-26 06:32:34,cBM54T50gnPY0JTCWuzd,
BRANCH005,INV007,0.0014,2024-11-26 06:48:39,cD5s8EuFLYEkGRsUXCe2,
BRANCH001,INV010,0.001,2024-11-26 06:32:22,cQgysAZer5SUHT6lOuhH,
BRANCH005,INV015,0.005,2024-11-26 06:49:02,cRZ4VTJeT0ACsKalOTlh,
BRANCH005,INV014,0.002,2024-11-26 06:48:54,cTAeuzzTyHVQpCyLYN6Y,
BRANCH001,INV014,0.0035,2024-11-26 06:32:30,cVo7glP81ECPmdcAIs9I,
BRANCH002,INV014,0.00175,2024-11-26 06:47:23,cmpRfKDKu9HCmKAeBPAq,
BRANCH005,INV006,0.0014,2024-11-26 06:48:38,cs5nIPgzqWkTt96uKve3,
BRANCH005,INV014,0.00175,2024-11-26 06:48:54,d1kip2EAB4OUYkoaoL92,
BRANCH005,INV002,0.035,2024-11-26 06:48:40,dCSNPYjBRm2Ux9w9JEqy,
BRANCH005,INV011,0.0014,2024-11-26 06:48:43,dQohVjCOIkzFhogub7E1,
BRANCH003,INV014,0.0035,2024-11-26 06:47:49,dR0xubZqbzP8ozsr8npy,
BRANCH005,INV009,0.00175,2024-11-26 06:48:27,dTk7GFyEdQzLmq2wxQJb,
BRANCH005,INV010,0.0014,2024-11-26 06:48:35,dTprrgHaKD7m87ANw47f,
BRANCH005,INV009,0.00175,2024-11-26 06:48:25,dhMzrbuJrzBpAJVhd2WW,
BRANCH001,INV011,0.00175,2024-11-26 06:32:28,dnbxZuyheRdh0EQoTMIl,
BRANCH005,INV015,0.00875,2024-11-26 06:48:50,dqFk6wvpkOZ1eVvrcJl3,
BRANCH001,INV014,0.0014,2024-11-26 06:32:35,dvBKV6smb7PKUYUQFKto,
BRANCH005,INV003,0.02,2024-11-26 06:49:05,dxjep6A7Gsu7lAPwdVAC,
BRANCH005,INV005,0.02,2024-11-26 06:49:02,e95SzyUfPYwwApLxsTI8,
BRANCH005,INV010,0.001,2024-11-26 06:49:01,eKQqJWNOIYeRqEmHdxfE,
BRANCH001,INV009,0.00175,2024-11-26 06:32:32,eRWNlzeBHbC7V2NPFla0,
BRANCH002,INV001,0.027999999999999997,2024-11-26 06:47:19,eZ2uMEMQWZV0l8Afz2rr,
BRANCH005,INV014,0.00175,2024-11-26 06:48:46,eqOjKzev9QuC8AGQ2BLl,
BRANCH002,INV015,0.005,2024-11-26 06:47:18,es2qVYB8d4zXlj3CCr2P,
BRANCH005,INV013,0.027999999999999997,2024-11-26 06:48:54,f2Bkrdy9my6rP5oekxvH,
BRANCH002,INV008,0.001,2024-11-26 06:47:21,fSRZrGlFXFU5mJPY265Q,
BRANCH005,INV012,0.027999999999999997,2024-11-26 06:48:44,fVjYHaeP9D91YBn0I42b,
BRANCH005,INV013,0.027999999999999997,2024-11-26 06:48:54,fZt5p5KizJVhy44t9mA5,
BRANCH005,INV007,0.0014,2024-11-26 06:48:44,foAuUAxCyC7CioISeDG0,
BRANCH005,INV015,0.0112,2024-11-26 06:48:36,gKbIDMMTc0rx6OIG4B6o,
BRANCH001,INV007,0.0014,2024-11-26 06:32:33,gMAuUJzi6lmxKT6N4eDZ,
BRANCH005,INV006,0.00175,2024-11-26 06:48:41,gNSaFTW3W9UeI8jCvfeQ,
BRANCH005,INV015,0.005,2024-11-26 06:48:56,gQ7ezVrmPbzBwfdTz1CI,
BRANCH005,INV009,0.001,2024-11-26 06:49:01,gQkB5VzzaSmxbJlgiouJ,
BRANCH005,INV013,0.027999999999999997,2024-11-26 06:48:56,gV5lELWuQ8eJVXP2b80s,
BRANCH003,INV001,0.035,2024-11-26 06:47:44,gVMDhFncm3TUyUhZIW1h,
BRANCH005,INV007,0.0014,2024-11-26 06:49:01,gXq4EfxwHa34qgc7xz5h,
BRANCH005,INV010,0.00175,2024-11-26 06:48:56,h3elDfz2uyklf51JtOTd,
BRANCH005,INV001,0.02625,2024-11-26 06:48:58,h8nTsn0Y2IkMFpKzpztl,
BRANCH005,INV012,0.02,2024-11-26 06:48:52,hCO25Dbtn0YyAuNxlNEN,
BRANCH005,INV006,0.0014,2024-11-26 06:48:43,hbKSexKFqPsnMrdAZZ8C,
BRANCH005,INV015,0.0112,2024-11-26 06:48:36,hvOzu9bbMmtibYGotgMX,
BRANCH005,INV001,0.020999999999999998,2024-11-26 06:48:35,i1ECvjTBJST6yvICGfbG,
BRANCH005,INV006,0.0014,2024-11-26 06:48:45,iAdZJgVfHIpozjudH8xN,
BRANCH002,INV007,0.001,2024-11-26 06:47:20,iFScGsktQSR1CJ86bCKt,
BRANCH005,INV001,0.035,2024-11-26 06:48:45,iLsVPajvDeYGnZXbL2vw,
BRANCH002,INV014,0.0028,2024-11-26 06:47:10,iR6wZQywRRP0dUkY2osq,
BRANCH003,INV010,0.0014,2024-11-26 06:47:50,iuyLy8HjrXrdTPc3AWtJ,
BRANCH001,INV005,0.027999999999999997,2024-11-26 06:32:31,j8cNWSsrpAREBshISUJy,
BRANCH005,INV014,0.001,2024-11-26 06:48:59,j9j1IT1IblTzOgUabN68,
BRANCH001,INV007,0.001,2024-11-26 06:32:24,jE3tWaLYG9kEAC95E0jY,
BRANCH005,INV015,0.0112,2024-11-26 06:48:52,jHZHZvu77L1nfGh5LwF9,
BRANCH005,INV011,0.0014,2024-11-26 06:48:36,jIoYj7dTbIZFF8Ojr2Gu,
BRANCH005,INV001,0.034999999999999996,2024-11-26 06:48:30,jO5QL7QguvjUsek4ePyC,
BRANCH005,INV014,0.00175,2024-11-26 06:48:57,jZkY1lsxGtmg50VbcNwS,
BRANCH005,INV010,0.00175,2024-11-26 06:48:42,jbB9WSV0NeFlnYYm8Z1Q,
BRANCH002,INV014,0.00175,2024-11-26 06:47:14,jr67XfUzhFBbJanE7kYQ,
BRANCH005,INV006,0.001,2024-11-26 06:48:58,kCIoK8j0m13L3yxOlI4z,
BRANCH002,INV015,0.014,2024-11-26 06:47:22,kMkj1DfbO5ANswiifoJq,
BRANCH005,INV001,0.02625,2024-11-26 06:48:47,kUGzQRvxocqrylY9fdta,
BRANCH002,INV006,0.001,2024-11-26 06:47:16,kVe3AKveg0Gx0IHTqOu3,
BRANCH003,INV015,0.008,2024-11-26 06:47:52,kZidF6tJeSbEckjS5hem,
BRANCH005,INV001,0.035,2024-11-26 06:48:40,kgy6GFDCFAiUmUQTtWtc,
BRANCH001,INV014,0.0028,2024-11-26 06:32:34,kijy5kRAaFRWySLTSwFz,
BRANCH005,INV015,0.00875,2024-11-26 06:48:53,kxtREBazdUWIRoIMPZn9,
BRANCH005,INV007,0.0014,2024-11-26 06:48:36,l4NxIVWqj9tTx07VjuuG,
BRANCH003,INV012,0.035,2024-11-26 06:47:49,lI2gvXhCN0Waw0t7gHdL,
BRANCH005,INV007,0.00175,2024-11-26 06:48:27,lNtzt3eRNeKF2eoHc8mr,
BRANCH001,INV011,0.00175,2024-11-26 06:32:29,lOZiFVoZgYmeJg4pEpSL,
BRANCH005,INV002,0.035,2024-11-26 06:48:50,lV22dAxAdXe6IhyPPz0o,
BRANCH002,INV005,0.035,2024-11-26 06:47:17,lfYnorEBGqD6Uj0HEliq,
BRANCH001,INV015,0.014,2024-11-26 06:32:38,m2wrnbPK9f2cQixrigUv,
BRANCH003,INV006,0.00175,2024-11-26 06:47:48,m8XYcDSLrRE2d7sMIxIf,
BRANCH005,INV001,0.043750000000000004,2024-11-26 06:48:47,mFn3eeNN3dgmiE9lUBFo,
BRANCH003,INV013,0.035,2024-11-26 06:47:44,mPnZISSPfC8gtEmb3hNh,
BRANCH005,INV006,0.0014,2024-11-26 06:48:42,mS1tLRQViWpxoe1Z5G9r,
BRANCH005,INV013,0.035,2024-11-26 06:48:49,mT4eSz18XmlRykkTeRpK,
BRANCH001,INV010,0.0014,2024-11-26 06:32:41,mVmqlX7YLmjnl8QXSY9n,
BRANCH005,INV009,0.00175,2024-11-26 06:48:46,maIgm75BuzS8JJm9ADNR,
BRANCH005,INV009,0.001,2024-11-26 06:49:03,mjEFhwpqBrgu6Vj2jqob,
BRANCH005,INV003,0.02,2024-11-26 06:48:22,mvmWmn2pf8SICRVO1zCt,
BRANCH001,INV001,0.027999999999999997,2024-11-26 06:32:41,n1b62huljALGwiaNzwlE,
BRANCH001,INV012,0.035,2024-11-26 06:32:32,nDIQy62ciH8lU75ckbwy,
BRANCH001,INV001,0.02625,2024-11-26 06:32:30,nG1GJsGaRjokFsgfC5P3,
BRANCH005,INV010,0.001,2024-11-26 06:48:54,nGJkgnEdDyK8MlCCg5PD,
BRANCH002,INV015,0.014,2024-11-26 06:47:19,nJzwTFEcNMq5FwVwqBgb,
BRANCH005,INV001,0.0525,2024-11-26 06:48:28,nOiN8ukMEQuyEQmeKhHw,
BRANCH001,INV014,0.001,2024-11-26 06:32:45,nTRLYhyMKZHX5gQ1n7zw,
BRANCH005,INV001,0.025,2024-11-26 06:48:44,naGzyW9haLRHqUr9PNRQ,
BRANCH005,INV001,0.02625,2024-11-26 06:48:49,nbSEtF2alO0V5knBP9K1,
BRANCH005,INV006,0.00175,2024-11-26 06:48:55,nfMxTKmw1gQvJvbTo3Ng,
BRANCH005,INV012,0.035,2024-11-26 06:48:43,nhZUD0AV5hjCqooDqn9d,
BRANCH005,INV015,0.006999999999999999,2024-11-26 06:48:58,nkApqCEhWxGw2HpbBQhb,
none,none,none,none,none,none
BRANCH005,INV012,0.035,2024-11-26 06:48:40,o4PwOHKHD6koIUNlNWxl,
BRANCH003,INV014,0.00175,2024-11-26 06:47:47,o67ah0D5KOC62jyZoYBT,
BRANCH005,INV010,0.00175,2024-11-26 06:48:50,o6arc5aozYcE0wdmdBtU,
BRANCH005,INV007,0.0014,2024-11-26 06:48:54,oHCh5bOde734g03XUpU0,
BRANCH005,INV001,0.02625,2024-11-26 06:48:46,oUqePlRvX2dBDhAy0SiJ,
BRANCH005,INV015,0.006999999999999999,2024-11-26 06:48:54,oVONmw852xqauDV3fUbR,
BRANCH002,INV015,0.014,2024-11-26 06:47:18,oaKHA4Ho9tCh0VM8V16J,
BRANCH001,INV010,0.00175,2024-11-26 06:32:37,olaAhBwuUhWa38nz9KYQ,
BRANCH005,INV001,0.020999999999999998,2024-11-26 06:48:42,omXpgbI4t4hMnQxW8Ptr,
BRANCH005,INV001,0.020999999999999998,2024-11-26 06:48:41,otC749FuFj2sdy4DT33w,
BRANCH005,INV006,0.001,2024-11-26 06:49:01,oyRODzomSLEtFNixdDqx,
BRANCH005,INV012,0.02,2024-11-26 06:49:04,p17bFIXGGIyyLxSnHgLN,
BRANCH002,INV001,0.027999999999999997,2024-11-26 06:47:15,pVrU2Y62zxDlJUyVfofd,
BRANCH005,INV001,0.043750000000000004,2024-11-26 06:48:52,pdu1r121l5KGWX9DPnYM,
BRANCH001,INV014,0.0014,2024-11-26 06:32:42,pfk1ZtP4JudMD7ular3z,
BRANCH005,INV001,0.027999999999999997,2024-11-26 06:48:43,pjFeSFSuPK0Tke9o8CNK,
BRANCH001,INV011,0.001,2024-11-26 06:32:24,pldoOSnqaCFRfcosCjgU,
BRANCH005,INV001,0.02625,2024-11-26 06:48:56,pmlCbOOf93JQPbUmvV0S,
BRANCH005,INV013,0.027999999999999997,2024-11-26 06:48:58,proVPDSmUyam4lqxyoZL,
BRANCH005,INV013,0.027999999999999997,2024-11-26 06:49:02,q0LCFGCX1gPjGtUB2yre,
BRANCH005,INV013,0.02,2024-11-26 06:48:54,qA4xFKJSWVx4IZCQxjYs,
BRANCH001,INV014,0.001,2024-11-26 06:32:21,qJLQ1tofnR79dD3nFCXD,
BRANCH005,INV006,0.00175,2024-11-26 06:48:27,qJot93JLOt0fZSs3DHVq,
BRANCH001,INV009,0.00175,2024-11-26 06:32:37,qL8rxK6WPkFoFn7u5xba,
BRANCH005,INV003,0.02,2024-11-26 06:49:03,qSms1hBc0p3uJ0T3NAlf,
BRANCH005,INV006,0.0014,2024-11-26 06:48:51,qbp8XZJnrABWXcioNdL8,
BRANCH005,INV012,0.035,2024-11-26 06:48:47,qqmRxadNlxStyxPEYLC2,
BRANCH001,INV006,0.001,2024-11-26 06:32:44,qqpPBUCkxX3GtJnPQFpD,
BRANCH005,INV006,0.001,2024-11-26 06:48:53,r5BZPgNkK34E5rWbj9MW,
BRANCH001,INV014,0.0028,2024-11-26 06:32:27,rDF4u9QL1ZRm6dos6wKm,
BRANCH002,INV001,0.043750000000000004,2024-11-26 06:47:11,rPAmf8He56eoBbERoYQZ,
BRANCH005,INV002,0.027999999999999997,2024-11-26 06:48:38,rRgcltBqkxmXVf645Glj,
BRANCH005,INV006,0.0014,2024-11-26 06:48:31,rVpmjSRZaUiL8a9VV60L,
BRANCH005,INV014,0.001,2024-11-26 06:49:03,rXSJbb8Gzy5Wb1UcXdD9,
BRANCH005,INV011,0.00175,2024-11-26 06:48:46,rY1kIZr1JA4NIefyaaAG,
BRANCH005,INV004,0.013999999999999999,2024-11-26 06:48:57,rZVFdCBeULMmm1mttcAY,
BRANCH005,INV015,0.008,2024-11-26 06:48:42,rnMtJEU76hnvuWMr52xK,
BRANCH005,INV015,0.0112,2024-11-26 06:48:47,sFSi3NvYI67pgJCwcxQ6,
BRANCH005,INV005,0.035,2024-11-26 06:48:41,sISkhSun0LSr5jcpqgXH,
BRANCH005,INV011,0.0014,2024-11-26 06:48:30,sQnJtR3NuS60nv812aO1,
BRANCH005,INV007,0.0014,2024-11-26 06:48:57,sWTn6Ht3iiP6BWfI8Lif,
BRANCH005,INV015,0.00875,2024-11-26 06:48:52,sdHsv6CYKQjaofOiq3N7,
BRANCH005,INV009,0.001,2024-11-26 06:48:57,sluSB85SoijgNtgyYrGJ,
BRANCH005,INV011,0.0014,2024-11-26 06:48:39,srqbnrzoSPdjA4C5Gmdq,
BRANCH001,INV015,0.008,2024-11-26 06:32:30,t0heOr0VyCrGU4LJD32O,
BRANCH005,INV013,0.027999999999999997,2024-11-26 06:48:36,tBebDxeu4dG90T02HRG7,
BRANCH005,INV003,0.027999999999999997,2024-11-26 06:48:33,tUvYvaKDzliPTseZ0WWK,
BRANCH005,INV007,0.0014,2024-11-26 06:48:55,tcIMXOLfcycej5Rq4kBi,
BRANCH005,INV001,0.027999999999999997,2024-11-26 06:48:59,tdgAjZWBWd48JEwrKy6f,
BRANCH005,INV007,0.0014,2024-11-26 06:48:59,tgWF3XerCytcsDjycV6f,
BRANCH001,INV008,0.00175,2024-11-26 06:32:29,tkRkfofiLzFPYQyLxwNv,
BRANCH002,INV013,0.027999999999999997,2024-11-26 06:47:16,ts6DVheZMPgBW78mkOPZ,
BRANCH005,INV001,0.027999999999999997,2024-11-26 06:49:01,tyB94rmw9VolTDJTaBv9,
BRANCH001,INV015,0.014,2024-11-26 06:32:31,uTCG87eyMOnVAIgsF05O,
BRANCH005,INV010,0.00175,2024-11-26 06:48:48,ufY2pnEDTHaXV4YDGKN8,
BRANCH005,INV011,0.001,2024-11-26 06:48:53,ugPjHfTdvYhYWWdQMwgJ,
BRANCH005,INV003,0.035,2024-11-26 06:48:24,umQcOrotsrSXaDUE7i0e,
BRANCH002,INV008,0.001,2024-11-26 06:47:24,uoXFSaPM17PZyLtOj6jM,
BRANCH005,INV005,0.035,2024-11-26 06:48:39,uvqy2xDG24uhuosJttEH,
BRANCH002,INV001,0.034999999999999996,2024-11-26 06:47:09,v39gIE7f7S9n9gL513WD,
BRANCH002,INV010,0.001,2024-11-26 06:47:16,v6aJmBpctNLuGlp26oz0,
BRANCH005,INV006,0.00175,2024-11-26 06:48:47,vCYdCUSzRHfan4gQEKhf,
BRANCH005,INV015,0.005,2024-11-26 06:49:04,vE7ZN62VdhO9SwEzGFCH,
BRANCH005,INV010,0.00175,2024-11-26 06:48:55,veVutPtgRbgkIHkDpzEC,
BRANCH001,INV011,0.0014,2024-11-26 06:32:35,viTYCgH9oM8bpbB7U23m,
BRANCH001,INV006,0.001,2024-11-26 06:32:36,vnwHccnoXBs3U5471mhD,
BRANCH002,INV006,0.0014,2024-11-26 06:47:19,w8slpWDg8FIlvMtkggLZ,
BRANCH005,INV001,0.043750000000000004,2024-11-26 06:48:37,wB61XDQ7rFqAWgxoEZzK,
BRANCH005,INV002,0.035,2024-11-26 06:48:41,wOHMKdcrTDnQgcIxe4NL,
BRANCH005,INV005,0.02,2024-11-26 06:49:01,wPItftlYfRcUgAbNwYpx,
BRANCH005,INV008,0.00175,2024-11-26 06:48:45,wPilwkdDOhDuuu2A3Gwd,
BRANCH001,INV011,0.0014,2024-11-26 06:32:33,wXCdLupUU23uKnLz7thE,
BRANCH002,INV015,0.005,2024-11-26 06:47:22,wn7mwMRkr1NzO32PQAWq,
BRANCH003,INV011,0.00175,2024-11-26 06:47:46,wodAmkmVK6NA6zjCrY0d,
BRANCH005,INV001,0.035,2024-11-26 06:48:37,wsUWxRXBvMmT8mXnYIJp,
BRANCH002,INV002,0.02,2024-11-26 06:47:25,wuIa4uegQf1Dte5apaj4,
BRANCH005,INV004,0.0175,2024-11-26 06:48:50,x5tfhuxn8Hr9sbsVKPWf,
BRANCH005,INV006,0.001,2024-11-26 06:49:00,xCOLS02jP5la5hutOKPW,
BRANCH005,INV006,0.00175,2024-11-26 06:48:39,xEIjTmpGyN0qpNnKOI1A,
BRANCH001,INV012,0.027999999999999997,2024-11-26 06:32:34,xEXcbaErgTmFOr3P2qa8,
BRANCH005,INV011,0.001,2024-11-26 06:49:03,xVcfLWgufqCHOVl1FbTn,
BRANCH002,INV001,0.043750000000000004,2024-11-26 06:47:22,xgIX6zl2r2q4OgsnLoeU,
BRANCH005,INV014,0.001,2024-11-26 06:48:57,xuFEVZCTLXnTbICIhV4W,
BRANCH005,INV006,0.00175,2024-11-26 06:48:42,y4vlYe2ipYpxAkPyOecV,
BRANCH005,INV009,0.001,2024-11-26 06:48:55,y95FOEifs95bfAZr1och,
BRANCH005,INV010,0.00175,2024-11-26 06:48:28,yCguzBeH23FuJ0K8S8hU,
BRANCH005,INV001,0.020999999999999998,2024-11-26 06:48:48,yEIByETJNgS1ZlFvtU1G,
BRANCH001,INV011,0.00175,2024-11-26 06:32:36,yZd7eLNjiIAKunx9xIfl,
BRANCH001,INV015,0.005,2024-11-26 06:32:44,ybBubd8EYArJMsE7XZiH,
BRANCH005,INV006,0.0014,2024-11-26 06:48:35,yhr1YxkRaF1um90ARFCj,
BRANCH005,INV010,0.00175,2024-11-26 06:48:42,yn8vS1hOiD5AkX2UlI1i,
BRANCH005,INV013,0.027999999999999997,2024-11-26 06:49:00,zBnriOJ9Jw6PHWMC1Gqk,
BRANCH002,INV011,0.001,2024-11-26 06:47:15,zTXRTGsI7UM46pEzgaHp,
BRANCH005,INV007,0.0014,2024-11-26 06:48:53,zXHqvHRkuMkI2hAfeZzE,
BRANCH005,INV012,0.02,2024-11-26 06:48:58,zipcjn81FAOS5XD7Cu8M,
BRANCH005,INV006,0.0014,2024-11-26 06:48:40,znbQpp9nbqNlT0tahSyF,
BRANCH002,INV004,0.01,2024-11-26 06:47:17,zyqKsCcosR0eoRNyYfIh,
